{
  "model": "lightgbm_tfidf",
  "model_file": "models\\predictor_sharpr_lgbm_tfidf.txt",
  "best_iteration": 1063,
  "val_mae": 0.8197991438595974,
  "val_spearman": 0.32385053571050326,
  "test_mae": 0.8188702061182073,
  "test_spearman": 0.32357053358015836,
  "elapsed_sec": 2968.3453142642975
}